Experiment,Learning Rate,Gamma,Batch Size,Avg Reward,Avg Episode Length
1,0.001,0.95,32,0.0,614.5342465753424
2,0.001,0.99,32,0.0,301.1566265060241
3,0.0005,0.95,32,0.0,850.2931034482758
4,0.0005,0.97,64,0.0,546.2696629213483
5,0.0003,0.98,64,0.0,998.6
6,0.0002,0.99,64,0.0,285.4114285714286
7,0.0001,0.98,128,0.0,949.9038461538462
8,0.0005,0.99,32,0.0,388.3135593220339
9,0.0001,0.95,32,0.0,456.16831683168317
10,0.0001,0.99,32,0.0,653.0933333333334
